First Name,Last Name,Job,Phone Number,Hire Date,Travel Distance,Preferences,Special Skills,Monday,Tuesday,Wednesday,Thursday,Friday,Saturday,Sunday,username,email,address,,
AnyaDC 5/1/2026,Hegde,*,(512) 545-8259,9/20/2024,20 min,patient,,,,,,,,,,,TBD,,
Archana,Partiphan,*,(512) 406-9373,7/30/2025,30 min,patient/office/facility,,3:30pm - 6:00pm,4:30pm - 6:00pm,3:30pm - 6:00pm,5:30pm - 6:30pm,3:30pm - 6:00pm,N/A,N/A,,,TBD,,
Aria,Patel,*,(713) 992-7290,3/24/2025,25 min,patient/facility/events,basic spanish,,,,,,,,,,TBD,,
Ariella,Limvorratre-Sammons,*,(817) 988-3254,10/20/2025,1 hour,"patient, facility, events","crafts, nails",1:30pm-5pm,ALL DAY ,unavailable ,ALL DAY ,1:30-5pm,Unavailable ,ALL DAY,,,TBD,,
Ashley,Shanks,*,(505) 414-4091,11/14/2024,20 min,patient,,,,,,,,,,,TBD,,
Ava,Garcia,*,(832) 628-4040,3/24/2025,45 min,patient/facility/events,"teaching, games, singing, sewing",,,,,,,,,,TBD,,
Avery,Miles,*,(706) 573-1771,3/18/2026,30-40 minutes,patient/facility/events,,"8-12pm, 2-4pm",8-9:30am,2-5pm,4:30-6:30pm,"8-12pm, 2-4pm",3-6pm,NA,,,TBD,,
Bea,Binu,*,(667) 210-9810,3/18/2026,15 min,patient,sing,after 6pm,3-6:30pm,1:30-6:30pm,1-4:30pm,1:30-6:30pm,NA,NA,,,TBD,,
Braeden,Askew,,(612) 802-6680,2/6/2025,25 min,patient/office/facility/events,,None,After 5pm,After 5pm,None,None,None,None,,,TBD,,
Brea,Woytek,*,(979) 574-7375,5/7/2025,1 hour,patient/office/facility/events,"Caregiver, Basic IT",1pm - 5:30pm,10 am - 1 pm,1pm- 5:30 pm,,,,,,,TBD,,
Carson,Luton,**,(936) 827-1170,10/15/2024,45 min,patient/facility/events,"chess, board games, watch sports",8am-10am,NA,8am-10am,NA,1:30-5pm,NA,Anytime,,,TBD,,
Charles/Geraldine,Bliss,,(713) 208-0673,1/12/2023,,cookies for patients,"NOT A FULL VOL - no records, occasionally donates cookies",,,,,,,,,,TBD,,
Chloe,Birkenfield,***,(806) 683-8882,1/30/2025,25min,patient/facility/events,"violin, scribe, ",,,,,,,,,,TBD,,
Dia,Vaswani,,(832) 888-8943,1/30/2025,10 min,"patient - NO CAR, Legacy only",Hindi,,,,2-3pm,,,,,,TBD,,
Diego,Wong,*,(956) 322-1456,1/30/2025,25 min,patient (summer'26)/facility,"guitar, spanish, MA/Pharmacy tech",,,,,,,,,,TBD,,
Divya,Pandey,*,(832) 459-0958,11/4/2024,30 min,patient,Nepali,,4-Nov,,,,,,,,TBD,,
Emily,Vu,*,(832) 552-0075,12/8/2025,10 miles,"Davis, ",,12:30-5:00,,,,12:30-5:00,All day,All day,,,TBD,,
Emily,Garza,,(281) 883-9297,9/8/2025,30 min,patient.facility,"extrovert, golf",none,after 1:30,None,after 5,after 3,anytime ,anytime ,,,TBD,,
Emma,Lin,*,(503) 780-0204,10/3/2024,45 max,patient,"Japanese, crafts, dance",11:30am-1:30pm,N/A,N/A,3pm-6pm,"11:30am-1:30pm, after 5pm",All day,All day,,,TBD,,
Fang DC 5/8/2026,Zhu,*,(214) 940-8460,10/11/2023,30 min,patient/office/facility,"Mandarin, sing, violin",,,,,,,,,,TBD,,
Fathia,Dakota INACTIVE til April,,(832) 228-6507,2/10/2025,20 min,patient,CNA,N/a,N/a,N/a,12:00-1:45PM,N/A,10:00 AM-4:00 PM,10:00 AM- 4:00PM,,,TBD,,
Felix DC 5/01/2026,Rios,**,(832) 412-5196,10/10/2023,"1 hour, EAGER w/Katherine Y",patient,"computer, home repair, kids",,,,,,,,,,TBD,,
Grace,Giveon,*,(832) 264-2944,2/4/2025,30 min,patient,"CPR, BLS, wants LOTS OF HOURS",11:30-12:30,11:30-12:30,,,,Anytime in the morning before 12,Anytime in the morning before 12,,,TBD,,
Isaac,Wagner,**,(361) 774-6670,10/30/2024,40 min,patient/office/facility,,1:30 pm to 4:00 pm,N/A,N/A,N/A,12:30 to 5:30,N/A,All day,,,TBD,,
Jacqueline,"Wright, naughty list",*,(830) 758-9024,5/26/2025,20 min,patient/event.,"sing, art, nails, baking sewing",01-3pm,After 5,None,After 5,3-6pm,8am-10 am,None ,,,TBD,,
Jana,Cox,*,(817) 475-9310,2/4/2026,20 miles,"patient, facility, events","singing, outdoors",After 10am,After 10am,After 10am,After 10am,After 10am,After 10am,after 1pm,,,TBD,,
Jason,Giordano,*,(512) 772-6130,3/18/2026,10 miles,patient/facility/events,"guitar, woodburning",after 9am,7-9:15am, 11-1230pm,After 2:30pm ,7-9:15am, 11-1230pm,After 2:30pm ,all day,all day,,,TBD
Javier DC 5/7/2026,Mendoza,**,(704) 476-6478,10/11/2023,"local weekday, 1 hr weekend",any,"Spanish, Italian",,,,,,,,,,TBD,,
Jeanne,Baltensperger,*,(979) 739-2344,4/23/2025,,cook for staff only,,,,,provides food,,,,,,TBD,,
Jeannette,Scott,,(979) 218-6938,10/11/2022,15-20,patient/office/vigil,,twice a month,,,1-3PM,,,,,,TBD,,
Jiwoo,Nam,*,(832) 797-1925,2/6/2025,15 miles,patient/facility,"Korean, violin teacher, CPR, CCMA",,,8-10am,10-11am,,,,,,TBD,,
John,Callahan,**,(817) 296-7357,10/22/2024,30 min,patient,"home repair, guitar?",,,,,,,,,,TBD,,
Julian,Gomez,*,(409) 239-1040,3/18/2026,10 miles,patient/office/facility,games,4-10pm,NA,12-3pm,NA,2-4pm,all day,all day,,,TBD,,
Kalani,Beck,*,(469) 223-3398,2/6/2025,15 min,any,,none,none ,none,none,none,8am-12pm,8am-12pm (May very well change),,,TBD,,
Kamryn,Nichols,*,(254) 301-6520,6/25/2024,30 min,patient,,,,,,,Unavailable,Unavailable,,,TBD,,
Katelynn,Barrera,,(956) 884-9062,10/28/2024,20 min,patient/office,clarinet,4pm-6pm,11am-1pm,NA,11am-1pm,NA,10am-1pm,NA,,,TBD,,
Katherine,Yan,,(501) 563-9617,10/10/2023,20 min but NO CAR,patient/office,"FLUTE, sewing, first aid/cpr/cna",N/A,N/A,N/A,N/A,Anytime,2pm-onward,anytime,,,TBD,,
Kaylie,Nguyen,,(832) 995-3365,4/13/2026,60 min ,patient/facility/events,"painting nails, crafts, movies",10am-5pm,,10am-5pm,,10am-3pm,,1pm-5pm,,,TBD,,
Ladan,Lotfi,,(469) 974-8418,10/10/2023,local only,patient,"Farsi, French, piano",Not available ,3:15 pm- 4:15 pm,Not available ,3:15pm - 4:15 pm,Anytime,Not available ,Not available ,,,TBD,,
Lahin,"Karovalia, naughty list",*,(832) 282-2204,10/16/2024,45 min,patient,"Hindu, Urdu, graphic design, cleaning",8:30-9:30 am,N/A,8:30-9:30 am,N/A,N/A,None,None,,,TBD,,
Leyla DC 5/1/2026,Ochoa,**,(915) 262-1133,10/17/2024,20,"patient, Lynch",,,,,,,,,,,TBD,,
Lilly,Correa,*,(956) 377-6955,2/6/2025,30miles,patient/office,Spanish,After 2:30 pm ,Before 11 am and After 2:00pm ,After 2:30pm ,Before 11am and after 2:00pm ,After 2:30 pm,All day ,All day ,,,TBD,,
Madeline,Pavlicek,,(210) 889-3071,9/20/2024,40 min,patient/office,,3:30-5,,3:30-5,,,11-1,,,,TBD,,
Manasi,Ramkumar,*,(713) 382-9081,9/20/2024,30 min,patient/facility,"Tamil, int.Spanish, Med scribe",12:00-3:00 pm,N/A,N/A,N/A,N/A,8:00 am- 5 pm,8:00 am-5:00 pm,,,TBD,,
Margaret,Pappoe,*,(708) 805-6248,9/3/2025,10 min,office only,,NA,NA,NA,Available,NA,NA,NA,,,TBD,,
Marie,Nelson,,(903) 918-1176,12/8/2025,30 min,"Vigil Team, facility","barbering, vigil training",Flexible schedule,Flexible schedule,Flexible schedule,Flexible schedule,Flexible schedule,Flexible schedule,Flexible schedule,,,TBD,,
Matt,Thompson,*,(281) 382-8633,10/16/2024,,computer only,,,,,3-5pm,,,,,,TBD,,
Matthew,Bower,,(214) 697-7417,4/15/2026,30 min,patient/facility,"games, watching football",,,,,,,,,,TBD,,
Michelle,Dickey,*,(512) 629-9267,10/3/2023,any,patient/office/facility/events,"piano, creative with activities",After 4pm,Before 9am,11am-1pm,Before 9am,"Before 2pm, after 3pm",All day ,All day ,,,TBD,,
Natalie,Burleson,*,(903) 539-9726,3/26/2025,30 min,patient/office,IT,None,None,None,None,None,8am-3pm,8am-3pm,,,TBD,,
Natasha,Cardozo,,(469) 243-9961,10/10/2023,30min,patient(multiple!)/office/facility,"Hindi, guitar, piano",,,,,,,,,,TBD,,
Navya,Puppala,*,(469) 925-9314,1/30/2025,,patient,,"(8:00 AM- 12:00 PM), (4:00 PM- 6:00 PM)",(1:30 PM-3:00 PM),"(8:00 AM- 12:00 PM), (4:00 PM- 6:00 PM)",(1:30 PM-3:00 PM),5:00 PM- 6:00 PM,All Day,All Day,,,TBD,,
Pam,Schultz,*,(979) 574-1668,10/2/2023,30 min,patient,Singer!,,,,,,,,,,TBD,,
Parker,Brizzolara,,(214) 843-3562,4/13/2026,20 miles,patient/office/facility/events,"games, Bible study, tapdance, crafts",1030-330,1100-230,1030-330,1100-230,1030-400,NA,NA,,,TBD,,
Prova,Das,*,(832) 221-0831,2/4/2025,Local only,patient/office,,1-4pm,,,,1-4pm,,,,,TBD,,
Rachel,Hutson,*,(806) 557-8175,4/20/2023,40 miles,patient/office/events,"photo, cardiac & pulmonary",,,,,,,,,,TBD,,
Robin,Glover,*,(979) 229-3901,4/23/2025,,cook for staff only,,,,,,,,,,,TBD,,
Sarah,Ninan,*,(469) 767-3189,3/24/2025,20 min,patient/events,"Piano, singing, cleaning, games, crafts, baking, digital design",Not Available,8AM-11AM,8AM-11AM,"8AM-11AM, 2:30PM-6PM",Not Available,Not Available,4PM-Evening,,,TBD,,
Savannah,Bean,*,(281) 891-9562,9/8/2025,30 min,"patient, office, facility, events","art, sing, guitar, piano",8am-6pm,,8am-7pm,,8am - 5pm,,8am - 5pm,,,TBD,,
Serena,Azzi,*,(281) 509-0149,9/9/2024,local only,patient/facility,,N/A,9am-10am,N/A,9am-10am,9am-11am (may be inconsistent),N/A,N/A,,,TBD,,
Shelby ,Stephens,,(732) 425-6724,4/13/2026,60 min ,"patient, office, facility, events","plants, guitar, singing, crafts, origami, cooking, Episcopalian/Baptist",All day,All day,All day,All day,All day,All day,All day,,,TBD,,
Sierra DC 6/10/2026,Ortega,*,(256) 617-2604,3/26/2025,40 min,patient,dance,Available all day,Available all day,Available all day,Available after 12 pm,Available all day,Available all day,Available all day,,,TBD,,
Spencer,Lemons,***,(817) 888-2000,12/8/2025,45 min,"patient, office, facility, events",,,,,,,,,,,TBD,,
Stacie,Rude,*,(979) 571-3251,3/2/2023,1 hour,patient/office/vigil,,10:00-12:00,Variable,Variable,Variable,Variable,Variable,Variable,,,TBD,,
Stanley,Ma,*,(832) 617-3089,4/23/2025,30 min,patient/office,,Before 3,After 1,Not available,After 2pm,All day,All day,All day,,,TBD,,
Taylar,Rhoden,*,(719) 600-9097,9/10/2024,30 min,patient/facility,typing/phones,All day,8:00-9:00 am,All day,8:00-9:00 am,All day,Not available,Not available,,,TBD,,
Vaaridhi,Ramanuja,*,(832) 344-8248,2/6/2025,15 min,patient,"Tamil, Hindi, Kannada, singing",6-8 pm,8-11 am,NA,NA,7-9 am,8am-5pm,8am-5pm,,,TBD,,
Victor,Falvo,,(210) 665-6236,2/13/2025,45 min,patient,NREMT certified,Not available  ,Not available,After 4pm,Not available,All day ,All day ,Not available ,,,TBD,,
Wesli,Miller,,(409) 730-9084,9/20/2024,45 min,patient/office,,none,none ,none,none,none,10-12,none,,,TBD,,
Yaswanth,Aravapalli,,(737) 217-4427,11/6/2023,local only,"foundation, facility",Telugu,,9am-10am,,9am-10am,,,,,,TBD,,
Zachary,Willits,,(412) 927-3351,2/4/2025,45 min,patient/office/facility/events,"sports, percussion, cleaning",,,,,,,,,,TBD,,
